{
  "project_info": {
    "project_number": "549566032910",
    "project_id": "onlineexam-application",
    "storage_bucket": "onlineexam-application.appspot.com"
  },
  "client": [
    {
      "client_info": {
        "mobilesdk_app_id": "1:549566032910:android:94d7dc519ab8f73c7d205f",
        "android_client_info": {
          "package_name": "com.satyam.onlineexamapplication"
        }
      },
      "oauth_client": [
        {
          "client_id": "549566032910-h3fmviks4t9tkp4fsqb6psu8nont4io7.apps.googleusercontent.com",
          "client_type": 3
        }
      ],
      "api_key": [
        {
          "current_key": "AIzaSyDLt_fJc5APkxBB-jxdGg98XI36ikCkpOg"
        }
      ],
      "services": {
        "appinvite_service": {
          "other_platform_oauth_client": [
            {
              "client_id": "549566032910-h3fmviks4t9tkp4fsqb6psu8nont4io7.apps.googleusercontent.com",
              "client_type": 3
            }
          ]
        }
      }
    }
  ],
  "configuration_version": "1"
}